objectid,title,creator,date,description,subject,location,latitude,longitude,source,identifier,type,format,language,rights,rightsstatement,display_template,object_location,image_small,image_thumb
demo_001,Basin Butte,Pacific Photo Co.,1910,"Example locally hosted image item. Photographic postcard of the University of Idaho administration building in Moscow, Idaho.",universities; buildings; campuses; picture postcards,"Moscow, Idaho",44.33853,-114.97766,"PG 9, Postcard Collection, Special Collections and Archives, University of Idaho Library",pg_9_12_01bl,Image;StillImage,image/jpeg,eng,,http://rightsstatements.org/vocab/NoC-US/1.0/,image,/objects/demo_001.jpg,/objects/small/demo_001_sm.jpg,/objects/thumbs/demo_001_th.jpg
demo_002,Bishop Mtn.,Spokane Post Card Co.,1912-09-08,"Example locally hosted PDF item. Postcard is of the Spokane County Courthouse in Spokane, Washington. Postmark 9/8/1912, Spokane, WA. Destination San Francisco, CA.",public buildings; county courthouses; trees; picture postcards,"Spokane, Washington",44.33341,-111.55345,"PG 107, Knowles Postcard Collection, Special Collections and Archives, University of Idaho Library",Postcard_032,Image;StillImage,application/pdf,eng,,http://rightsstatements.org/vocab/NoC-US/1.0/,pdf,/objects/demo_002.pdf,/objects/small/demo_002_sm.jpg,/objects/thumbs/demo_002_th.jpg
demo_003,Blue Nose,Frank B. Robinson,1947,Example locally hosted audio item. Psychiana radio program episode begins with assurance that there is a Power that can get people what they desire. Robinson then discusses his early life failures and childhood seeking of some force that could turn his failures into success. He asserts the God-Power can turn our failures into success and bring us material and spiritual abundance.,Frank B. Robinson; Failure; Success; Material Abundance,"Moscow, Idaho",45.47266,-114.35851,"Psychiana Digital Collection, Digital Initiatives, University of Idaho Library, https://www.lib.uidaho.edu/digital/psychiana/",Good_News_08,Audio,audio/mpeg,eng,,http://rightsstatements.org/vocab/InC-EDU/1.0/,audio,/objects/demo_003.mp3,/objects/small/demo_003_sm.jpg,/objects/thumbs/demo_003_th.jpg
demo_004,Cottonwood Point,Vandal Athletics,1925-10-30,"Example YouTube video item. Idaho Football vs. University of Southern California 10/30/1925 at Neale Stadium in Moscow, ID. Score: 7 - 51 (L).",American Football,"Moscow, Idaho",44.62304,-114.68642,"Vandal Video Collection, Digital Initiatives, University of Idaho Library, https://www.lib.uidaho.edu/digital/vandalvideo/","MG 23, Item 29",Image;MovingImage,video/mp4,eng,"In Copyright - Educational Use Permitted. For more information, please contact University of Idaho Library Special Collections and Archives Department at libspec@uidaho.edu.",http://rightsstatements.org/vocab/InC-EDU/1.0/,video,https://youtu.be/CVXQ3X6Q8oU,https://img.youtube.com/vi/CVXQ3X6Q8oU/hqdefault.jpg,https://img.youtube.com/vi/CVXQ3X6Q8oU/mqdefault.jpg
demo_005,Custer,Devin Becker,2014-06-16,Example Vimeo video item. Oral history interview with poet K. Silem Mohammad discussing recent changes in writing practices that occurred due to the advent of the computer and the arrival of the digital age.,Poetry,"Ashland, OR",44.34929,-114.62409,"CTRL+Shift, Center for Digital Inquiry and Learning, University of Idaho Library, https://ctrl-shift.org/",,Image;MovingImage,video/mp4,eng,"In Copyright - Educational Use Permitted. For more information, please contact University of Idaho Library Special Collections and Archives Department at libspec@uidaho.edu.",http://rightsstatements.org/vocab/InC-EDU/1.0/,video,https://vimeo.com/464555587,,
demo_006,Danskin Peak,"Thompson, J. B.",1932-09-01,Example image item externally hosted on CONTENTdm. Ford pumper used for slash burning control. September 1932. From the photo series depicting the broadcast burn at the mouth of Benton Creek.,forestry,Bonner County;Priest River Experimental Forest;Benton Creek,43.41321,-115.65884,"Experimental Forest and Savenac Nursery Archive, Digital Initiatives, University of Idaho Library, https://www.lib.uidaho.edu/digital/expforest/",FirePump1,Image;StillImage,image/jpg,eng,"Material produced by the United States Forest Service and is in Public Domain. For more information, please contact University of Idaho Library Special Collections and Archives Department at libspec@uidaho.edu.",http://rightsstatements.org/vocab/NoC-US/1.0/,image,https://digital.lib.uidaho.edu/digital/iiif/expforsav/390/full/max/0/default.jpg,https://digital.lib.uidaho.edu/digital/iiif/expforsav/390/full/pct:40/0/default.jpg,https://digital.lib.uidaho.edu/digital/iiif/expforsav/390/full/pct:20/0/default.jpg
demo_007,Deadwood,"Reischel, T.S.; Bjornn, T.C.",2003,Example metadata-only record with link to external source. Journal article.,fisheries management,Bonneville Dam,44.1254,-115.70409,"North American Journal of Fisheries Management, vol. 23, issue 4, p. 1215-1224. DOI: 10.1577/M02-113",DOI:10.1577/M02-113,Text,application/pdf,eng,"metadata-only record, please check publication for rights",,record,https://www.doi.org/10.1577/M02-113,,
demo_008,Duck Creek Point,"Reischel, T.S.; Bjornn, T.C.",2003,Example metadata-only record with link to external source. Journal article.,fisheries management,Bonneville Dam,44.91034,-114.49733,"North American Journal of Fisheries Management, vol. 23, issue 4, p. 1215-1224. DOI: 10.1577/M02-114",DOI:10.1577/M02-114,Text,application/pdf,eng,"metadata-only record, please check publication for rights",,record,https://www.doi.org/10.1577/M02-114,,
demo_009,Granite Mtn.,"Reischel, T.S.; Bjornn, T.C.",2003,Example metadata-only record with link to external source. Journal article.,fisheries management,Bonneville Dam,45.54999,-113.98068,"North American Journal of Fisheries Management, vol. 23, issue 4, p. 1215-1224. DOI: 10.1577/M02-115",DOI:10.1577/M02-115,Text,application/pdf,eng,"metadata-only record, please check publication for rights",,record,https://www.doi.org/10.1577/M02-115,,
demo_010,Mt. Greylock,"Reischel, T.S.; Bjornn, T.C.",2003,Example metadata-only record with link to external source. Journal article.,fisheries management,Bonneville Dam,44.41967,-114.69748,"North American Journal of Fisheries Management, vol. 23, issue 4, p. 1215-1224. DOI: 10.1577/M02-116",DOI:10.1577/M02-116,Text,application/pdf,eng,"metadata-only record, please check publication for rights",,record,https://www.doi.org/10.1577/M02-116,,
demo_011,Mt. Harrison,"Reischel, T.S.; Bjornn, T.C.",2003,Example metadata-only record with link to external source. Journal article.,fisheries management,Bonneville Dam,42.30891,-113.65884,"North American Journal of Fisheries Management, vol. 23, issue 4, p. 1215-1224. DOI: 10.1577/M02-117",DOI:10.1577/M02-117,Text,application/pdf,eng,"metadata-only record, please check publication for rights",,record,https://www.doi.org/10.1577/M02-117,,
demo_012,Hawley Mtn.,"Reischel, T.S.; Bjornn, T.C.",2003,Example metadata-only record with link to external source. Journal article.,fisheries management,Bonneville Dam,43.99239,-116.03041,"North American Journal of Fisheries Management, vol. 23, issue 4, p. 1215-1224. DOI: 10.1577/M02-118",DOI:10.1577/M02-118,Text,application/pdf,eng,"metadata-only record, please check publication for rights",,record,https://www.doi.org/10.1577/M02-118,,
demo_013,Horton Peak,"Reischel, T.S.; Bjornn, T.C.",2003,Example metadata-only record with link to external source. Journal article.,fisheries management,Bonneville Dam,43.96574,-114.74847,"North American Journal of Fisheries Management, vol. 23, issue 4, p. 1215-1224. DOI: 10.1577/M02-119",DOI:10.1577/M02-119,Text,application/pdf,eng,"metadata-only record, please check publication for rights",,record,https://www.doi.org/10.1577/M02-119,,
demo_014,Iron Mtn.,"Reischel, T.S.; Bjornn, T.C.",2003,Example metadata-only record with link to external source. Journal article.,fisheries management,Bonneville Dam,43.53827,-115.04492,"North American Journal of Fisheries Management, vol. 23, issue 4, p. 1215-1224. DOI: 10.1577/M02-120",DOI:10.1577/M02-120,Text,application/pdf,eng,"metadata-only record, please check publication for rights",,record,https://www.doi.org/10.1577/M02-120,,
demo_015,Jackson Peak,"Reischel, T.S.; Bjornn, T.C.",2003,Example metadata-only record with link to external source. Journal article.,fisheries management,Bonneville Dam,44.077925,-115.41386,"North American Journal of Fisheries Management, vol. 23, issue 4, p. 1215-1224. DOI: 10.1577/M02-121",DOI:10.1577/M02-121,Text,application/pdf,eng,"metadata-only record, please check publication for rights",,record,https://www.doi.org/10.1577/M02-121,,
demo_016,Jureano Mtn.,"Reischel, T.S.; Bjornn, T.C.",2003,Example metadata-only record with link to external source. Journal article.,fisheries management,Bonneville Dam,45.2039,-114.24292,"North American Journal of Fisheries Management, vol. 23, issue 4, p. 1215-1224. DOI: 10.1577/M02-122",DOI:10.1577/M02-122,Text,application/pdf,eng,"metadata-only record, please check publication for rights",,record,https://www.doi.org/10.1577/M02-122,,
demo_017,Long Tom,"Reischel, T.S.; Bjornn, T.C.",2003,Example metadata-only record with link to external source. Journal article.,fisheries management,Bonneville Dam,45.34235,-114.57515,"North American Journal of Fisheries Management, vol. 23, issue 4, p. 1215-1224. DOI: 10.1577/M02-123",DOI:10.1577/M02-123,Text,application/pdf,eng,"metadata-only record, please check publication for rights",,record,https://www.doi.org/10.1577/M02-123,,
demo_018,Lookout Mtn.,"Reischel, T.S.; Bjornn, T.C.",2003,Example metadata-only record with link to external source. Journal article.,fisheries management,Bonneville Dam,44.19263,-114.75892,"North American Journal of Fisheries Management, vol. 23, issue 4, p. 1215-1224. DOI: 10.1577/M02-124",DOI:10.1577/M02-124,Text,application/pdf,eng,"metadata-only record, please check publication for rights",,record,https://www.doi.org/10.1577/M02-124,,
demo_019,Middle Fork Peak,"Reischel, T.S.; Bjornn, T.C.",2003,Example metadata-only record with link to external source. Journal article.,fisheries management,Bonneville Dam,44.96211,-114.6554,"North American Journal of Fisheries Management, vol. 23, issue 4, p. 1215-1224. DOI: 10.1577/M02-125",DOI:10.1577/M02-125,Text,application/pdf,eng,"metadata-only record, please check publication for rights",,record,https://www.doi.org/10.1577/M02-125,,
demo_020,Notch Butte,"Reischel, T.S.; Bjornn, T.C.",2003,Example metadata-only record with link to external source. Journal article.,fisheries management,Bonneville Dam,42.88492,-114.41818,"North American Journal of Fisheries Management, vol. 23, issue 4, p. 1215-1224. DOI: 10.1577/M02-126",DOI:10.1577/M02-126,Text,application/pdf,eng,"metadata-only record, please check publication for rights",,record,https://www.doi.org/10.1577/M02-126,,
demo_021,Oreana,"Reischel, T.S.; Bjornn, T.C.",2003,Example metadata-only record with link to external source. Journal article.,fisheries management,Bonneville Dam,45.47909,-114.47196,"North American Journal of Fisheries Management, vol. 23, issue 4, p. 1215-1224. DOI: 10.1577/M02-127",DOI:10.1577/M02-127,Text,application/pdf,eng,"metadata-only record, please check publication for rights",,record,https://www.doi.org/10.1577/M02-127,,
demo_022,Pinyon Peak,"Reischel, T.S.; Bjornn, T.C.",2003,Example metadata-only record with link to external source. Journal article.,fisheries management,Bonneville Dam,44.56968,-114.91663,"North American Journal of Fisheries Management, vol. 23, issue 4, p. 1215-1224. DOI: 10.1577/M02-128",DOI:10.1577/M02-128,Text,application/pdf,eng,"metadata-only record, please check publication for rights",,record,https://www.doi.org/10.1577/M02-128,,
demo_023,Ruffneck Peak,"Reischel, T.S.; Bjornn, T.C.",2003,Example metadata-only record with link to external source. Journal article.,fisheries management,Bonneville Dam,44.48166,-115.15512,"North American Journal of Fisheries Management, vol. 23, issue 4, p. 1215-1224. DOI: 10.1577/M02-129",DOI:10.1577/M02-129,Text,application/pdf,eng,"metadata-only record, please check publication for rights",,record,https://www.doi.org/10.1577/M02-129,,
demo_024,Scott Mtn.,"Reischel, T.S.; Bjornn, T.C.",2003,Example metadata-only record with link to external source. Journal article.,fisheries management,Bonneville Dam,44.18137,-115.78874,"North American Journal of Fisheries Management, vol. 23, issue 4, p. 1215-1224. DOI: 10.1577/M02-130",DOI:10.1577/M02-130,Text,application/pdf,eng,"metadata-only record, please check publication for rights",,record,https://www.doi.org/10.1577/M02-130,,
demo_025,Sedgewick Peak,"Reischel, T.S.; Bjornn, T.C.",2003,Example metadata-only record with link to external source. Journal article.,fisheries management,Bonneville Dam,42.51574,-111.92338,"North American Journal of Fisheries Management, vol. 23, issue 4, p. 1215-1224. DOI: 10.1577/M02-131",DOI:10.1577/M02-131,Text,application/pdf,eng,"metadata-only record, please check publication for rights",,record,https://www.doi.org/10.1577/M02-131,,
demo_026,Shafer Butte,"Reischel, T.S.; Bjornn, T.C.",2003,Example metadata-only record with link to external source. Journal article.,fisheries management,Bonneville Dam,43.77149,-116.08848,"North American Journal of Fisheries Management, vol. 23, issue 4, p. 1215-1224. DOI: 10.1577/M02-132",DOI:10.1577/M02-132,Text,application/pdf,eng,"metadata-only record, please check publication for rights",,record,https://www.doi.org/10.1577/M02-132,,
demo_027,Sheephorn Mtn.,"Reischel, T.S.; Bjornn, T.C.",2003,Example metadata-only record with link to external source. Journal article.,fisheries management,Bonneville Dam,44.8825167,-114.0912,"North American Journal of Fisheries Management, vol. 23, issue 4, p. 1215-1224. DOI: 10.1577/M02-133",DOI:10.1577/M02-133,Text,application/pdf,eng,"metadata-only record, please check publication for rights",,record,https://www.doi.org/10.1577/M02-133,,
demo_028,Sleeping Deer,"Reischel, T.S.; Bjornn, T.C.",2003,Example metadata-only record with link to external source. Journal article.,fisheries management,Bonneville Dam,44.76719,-114.69108,"North American Journal of Fisheries Management, vol. 23, issue 4, p. 1215-1224. DOI: 10.1577/M02-134",DOI:10.1577/M02-134,Text,application/pdf,eng,"metadata-only record, please check publication for rights",,record,https://www.doi.org/10.1577/M02-134,,
demo_029,Sliderock Ridge,"Reischel, T.S.; Bjornn, T.C.",2003,Example metadata-only record with link to external source. Journal article.,fisheries management,Bonneville Dam,44.6586,-114.95296,"North American Journal of Fisheries Management, vol. 23, issue 4, p. 1215-1224. DOI: 10.1577/M02-135",DOI:10.1577/M02-135,Text,application/pdf,eng,"metadata-only record, please check publication for rights",,record,https://www.doi.org/10.1577/M02-135,,
demo_030,Squaw Butte,"Reischel, T.S.; Bjornn, T.C.",2003,Example metadata-only record with link to external source. Journal article.,fisheries management,Bonneville Dam,44.00331,-116.41141,"North American Journal of Fisheries Management, vol. 23, issue 4, p. 1215-1224. DOI: 10.1577/M02-136",DOI:10.1577/M02-136,Text,application/pdf,eng,"metadata-only record, please check publication for rights",,record,https://www.doi.org/10.1577/M02-136,,
demo_031,Stein Mtn.,"Reischel, T.S.; Bjornn, T.C.",2003,Example metadata-only record with link to external source. Journal article.,fisheries management,Bonneville Dam,45.45908,-113.88064,"North American Journal of Fisheries Management, vol. 23, issue 4, p. 1215-1224. DOI: 10.1577/M02-137",DOI:10.1577/M02-137,Text,application/pdf,eng,"metadata-only record, please check publication for rights",,record,https://www.doi.org/10.1577/M02-137,,
demo_032,Stormy Peak,"Reischel, T.S.; Bjornn, T.C.",2003,Example metadata-only record with link to external source. Journal article.,fisheries management,Bonneville Dam,45.35326,-114.21408,"North American Journal of Fisheries Management, vol. 23, issue 4, p. 1215-1224. DOI: 10.1577/M02-138",DOI:10.1577/M02-138,Text,application/pdf,eng,"metadata-only record, please check publication for rights",,record,https://www.doi.org/10.1577/M02-138,,
demo_033,Sunset Mtn.,"Reischel, T.S.; Bjornn, T.C.",2003,Example metadata-only record with link to external source. Journal article.,fisheries management,Bonneville Dam,43.89864,-115.64686,"North American Journal of Fisheries Management, vol. 23, issue 4, p. 1215-1224. DOI: 10.1577/M02-139",DOI:10.1577/M02-139,Text,application/pdf,eng,"metadata-only record, please check publication for rights",,record,https://www.doi.org/10.1577/M02-139,,
demo_034,Thorn Creek Butte,"Reischel, T.S.; Bjornn, T.C.",2003,Example metadata-only record with link to external source. Journal article.,fisheries management,Bonneville Dam,43.74476,-115.75164,"North American Journal of Fisheries Management, vol. 23, issue 4, p. 1215-1224. DOI: 10.1577/M02-140",DOI:10.1577/M02-140,Text,application/pdf,eng,"metadata-only record, please check publication for rights",,record,https://www.doi.org/10.1577/M02-140,,
demo_035,Trinity Peak,"Reischel, T.S.; Bjornn, T.C.",2003,Example metadata-only record with link to external source. Journal article.,fisheries management,Bonneville Dam,43.59899,-115.42888,"North American Journal of Fisheries Management, vol. 23, issue 4, p. 1215-1224. DOI: 10.1577/M02-141",DOI:10.1577/M02-141,Text,application/pdf,eng,"metadata-only record, please check publication for rights",,record,https://www.doi.org/10.1577/M02-141,,
demo_036,Twin Peaks,"Reischel, T.S.; Bjornn, T.C.",2003,Example metadata-only record with link to external source. Journal article.,fisheries management,Bonneville Dam,44.59326,-114.47641,"North American Journal of Fisheries Management, vol. 23, issue 4, p. 1215-1224. DOI: 10.1577/M02-142",DOI:10.1577/M02-142,Text,application/pdf,eng,"metadata-only record, please check publication for rights",,record,https://www.doi.org/10.1577/M02-142,,
demo_037,Ulysses Mtn.,"Reischel, T.S.; Bjornn, T.C.",2003,Example metadata-only record with link to external source. Journal article.,fisheries management,Bonneville Dam,45.42949,-114.11032,"North American Journal of Fisheries Management, vol. 23, issue 4, p. 1215-1224. DOI: 10.1577/M02-143",DOI:10.1577/M02-143,Text,application/pdf,eng,"metadata-only record, please check publication for rights",,record,https://www.doi.org/10.1577/M02-143,,
demo_038,Taylor Mtn.,"Reischel, T.S.; Bjornn, T.C.",2003,Example metadata-only record with link to external source. Journal article.,fisheries management,Bonneville Dam,44.88525,-114.2159833,"North American Journal of Fisheries Management, vol. 23, issue 4, p. 1215-1224. DOI: 10.1577/M02-144",DOI:10.1577/M02-144,Text,application/pdf,eng,"metadata-only record, please check publication for rights",,record,https://www.doi.org/10.1577/M02-144,,
demo_039,Pilot Peak,"Reischel, T.S.; Bjornn, T.C.",2003,Example metadata-only record with link to external source. Journal article.,fisheries management,Bonneville Dam,43.9601833,-115.68675,"North American Journal of Fisheries Management, vol. 23, issue 4, p. 1215-1224. DOI: 10.1577/M02-145",DOI:10.1577/M02-145,Text,application/pdf,eng,"metadata-only record, please check publication for rights",,record,https://www.doi.org/10.1577/M02-145,,
demo_040,Swanholm,"Reischel, T.S.; Bjornn, T.C.",2003,Example metadata-only record with link to external source. Journal article.,fisheries management,Bonneville Dam,43.8926667,-115.3259667,"North American Journal of Fisheries Management, vol. 23, issue 4, p. 1215-1224. DOI: 10.1577/M02-146",DOI:10.1577/M02-146,Text,application/pdf,eng,"metadata-only record, please check publication for rights",,record,https://www.doi.org/10.1577/M02-146,,
demo_041,South Mtn.,"Reischel, T.S.; Bjornn, T.C.",2003,Example metadata-only record with link to external source. Journal article.,fisheries management,Bonneville Dam,42.74,-116.91395,"North American Journal of Fisheries Management, vol. 23, issue 4, p. 1215-1224. DOI: 10.1577/M02-147",DOI:10.1577/M02-147,Text,application/pdf,eng,"metadata-only record, please check publication for rights",,record,https://www.doi.org/10.1577/M02-147,,
demo_042,Bald Mtn.,"Reischel, T.S.; Bjornn, T.C.",2003,Example metadata-only record with link to external source. Journal article.,fisheries management,Bonneville Dam,43.65485,-114.40943,"North American Journal of Fisheries Management, vol. 23, issue 4, p. 1215-1224. DOI: 10.1577/M02-148",DOI:10.1577/M02-148,Text,application/pdf,eng,"metadata-only record, please check publication for rights",,record,https://www.doi.org/10.1577/M02-148,,
demo_043,Big Springs,"Reischel, T.S.; Bjornn, T.C.",2003,Example metadata-only record with link to external source. Journal article.,fisheries management,Bonneville Dam,44.50405,-111.2460667,"North American Journal of Fisheries Management, vol. 23, issue 4, p. 1215-1224. DOI: 10.1577/M02-149",DOI:10.1577/M02-149,Text,application/pdf,eng,"metadata-only record, please check publication for rights",,record,https://www.doi.org/10.1577/M02-149,,
demo_044,Fairfield,"Reischel, T.S.; Bjornn, T.C.",2003,Example metadata-only record with link to external source. Journal article.,fisheries management,Bonneville Dam,43.34358,-114.79237,"North American Journal of Fisheries Management, vol. 23, issue 4, p. 1215-1224. DOI: 10.1577/M02-150",DOI:10.1577/M02-150,Text,application/pdf,eng,"metadata-only record, please check publication for rights",,record,https://www.doi.org/10.1577/M02-150,,
demo_045,Sagebrush,"Reischel, T.S.; Bjornn, T.C.",2003,Example metadata-only record with link to external source. Journal article.,fisheries management,Bonneville Dam,45.27055,-114.44586,"North American Journal of Fisheries Management, vol. 23, issue 4, p. 1215-1224. DOI: 10.1577/M02-151",DOI:10.1577/M02-151,Text,application/pdf,eng,"metadata-only record, please check publication for rights",,record,https://www.doi.org/10.1577/M02-151,,
demo_046,Sal Mtn.,"Reischel, T.S.; Bjornn, T.C.",2003,Example metadata-only record with link to external source. Journal article.,fisheries management,Bonneville Dam,45.0152833,-113.8429833,"North American Journal of Fisheries Management, vol. 23, issue 4, p. 1215-1224. DOI: 10.1577/M02-152",DOI:10.1577/M02-152,Text,application/pdf,eng,"metadata-only record, please check publication for rights",,record,https://www.doi.org/10.1577/M02-152,,
demo_047,Swan Peak,"Reischel, T.S.; Bjornn, T.C.",2003,Example metadata-only record with link to external source. Journal article.,fisheries management,Bonneville Dam,45.0144167,-114.1922,"North American Journal of Fisheries Management, vol. 23, issue 4, p. 1215-1224. DOI: 10.1577/M02-153",DOI:10.1577/M02-153,Text,application/pdf,eng,"metadata-only record, please check publication for rights",,record,https://www.doi.org/10.1577/M02-153,,
demo_048,Big Tower,"Reischel, T.S.; Bjornn, T.C.",2003,Example metadata-only record with link to external source. Journal article.,fisheries management,Bonneville Dam,43.54887,-116.63806,"North American Journal of Fisheries Management, vol. 23, issue 4, p. 1215-1224. DOI: 10.1577/M02-154",DOI:10.1577/M02-154,Text,application/pdf,eng,"metadata-only record, please check publication for rights",,record,https://www.doi.org/10.1577/M02-154,,
demo_049,Wild Horse,"Reischel, T.S.; Bjornn, T.C.",2003,Example metadata-only record with link to external source. Journal article.,fisheries management,Bonneville Dam,43.9272,-114.0847,"North American Journal of Fisheries Management, vol. 23, issue 4, p. 1215-1224. DOI: 10.1577/M02-155",DOI:10.1577/M02-155,Text,application/pdf,eng,"metadata-only record, please check publication for rights",,record,https://www.doi.org/10.1577/M02-155,,
demo_050,Arctic Point,"Reischel, T.S.; Bjornn, T.C.",2003,Example metadata-only record with link to external source. Journal article.,fisheries management,Bonneville Dam,45.47438,-115.03868,"North American Journal of Fisheries Management, vol. 23, issue 4, p. 1215-1224. DOI: 10.1577/M02-156",DOI:10.1577/M02-156,Text,application/pdf,eng,"metadata-only record, please check publication for rights",,record,https://www.doi.org/10.1577/M02-156,,
demo_051,Bear Creek Point,"Reischel, T.S.; Bjornn, T.C.",2003,Example metadata-only record with link to external source. Journal article.,fisheries management,Bonneville Dam,44.89312,-114.80511,"North American Journal of Fisheries Management, vol. 23, issue 4, p. 1215-1224. DOI: 10.1577/M02-157",DOI:10.1577/M02-157,Text,application/pdf,eng,"metadata-only record, please check publication for rights",,record,https://www.doi.org/10.1577/M02-157,,
demo_052,Bear Valley,"Reischel, T.S.; Bjornn, T.C.",2003,Example metadata-only record with link to external source. Journal article.,fisheries management,Bonneville Dam,44.45786,-115.38245,"North American Journal of Fisheries Management, vol. 23, issue 4, p. 1215-1224. DOI: 10.1577/M02-158",DOI:10.1577/M02-158,Text,application/pdf,eng,"metadata-only record, please check publication for rights",,record,https://www.doi.org/10.1577/M02-158,,
demo_053,Big Baldy,"Reischel, T.S.; Bjornn, T.C.",2003,Example metadata-only record with link to external source. Journal article.,fisheries management,Bonneville Dam,44.78245,-115.21889,"North American Journal of Fisheries Management, vol. 23, issue 4, p. 1215-1224. DOI: 10.1577/M02-159",DOI:10.1577/M02-159,Text,application/pdf,eng,"metadata-only record, please check publication for rights",,record,https://www.doi.org/10.1577/M02-159,,
demo_054,Brundage,"Reischel, T.S.; Bjornn, T.C.",2003,Example metadata-only record with link to external source. Journal article.,fisheries management,Bonneville Dam,45.0028,-116.13473,"North American Journal of Fisheries Management, vol. 23, issue 4, p. 1215-1224. DOI: 10.1577/M02-160",DOI:10.1577/M02-160,Text,application/pdf,eng,"metadata-only record, please check publication for rights",,record,https://www.doi.org/10.1577/M02-160,,
demo_055,Carey Dome,"Reischel, T.S.; Bjornn, T.C.",2003,Example metadata-only record with link to external source. Journal article.,fisheries management,Bonneville Dam,45.40168,-115.9043,"North American Journal of Fisheries Management, vol. 23, issue 4, p. 1215-1224. DOI: 10.1577/M02-161",DOI:10.1577/M02-161,Text,application/pdf,eng,"metadata-only record, please check publication for rights",,record,https://www.doi.org/10.1577/M02-161,,
demo_056,Chicken Peak,"Reischel, T.S.; Bjornn, T.C.",2003,Example metadata-only record with link to external source. Journal article.,fisheries management,Bonneville Dam,45.29304,-115.39719,"North American Journal of Fisheries Management, vol. 23, issue 4, p. 1215-1224. DOI: 10.1577/M02-162",DOI:10.1577/M02-162,Text,application/pdf,eng,"metadata-only record, please check publication for rights",,record,https://www.doi.org/10.1577/M02-162,,
demo_057,Dry Diggins,"Reischel, T.S.; Bjornn, T.C.",2003,Example metadata-only record with link to external source. Journal article.,fisheries management,Bonneville Dam,45.37188,-116.58898,"North American Journal of Fisheries Management, vol. 23, issue 4, p. 1215-1224. DOI: 10.1577/M02-163",DOI:10.1577/M02-163,Text,application/pdf,eng,"metadata-only record, please check publication for rights",,record,https://www.doi.org/10.1577/M02-163,,
demo_058,Granite Mtn.,"Reischel, T.S.; Bjornn, T.C.",2003,Example metadata-only record with link to external source. Journal article.,fisheries management,Bonneville Dam,45.09337,-116.20746,"North American Journal of Fisheries Management, vol. 23, issue 4, p. 1215-1224. DOI: 10.1577/M02-164",DOI:10.1577/M02-164,Text,application/pdf,eng,"metadata-only record, please check publication for rights",,record,https://www.doi.org/10.1577/M02-164,,
demo_059,Grave Point,"Reischel, T.S.; Bjornn, T.C.",2003,Example metadata-only record with link to external source. Journal article.,fisheries management,Bonneville Dam,45.64227,-116.38071,"North American Journal of Fisheries Management, vol. 23, issue 4, p. 1215-1224. DOI: 10.1577/M02-165",DOI:10.1577/M02-165,Text,application/pdf,eng,"metadata-only record, please check publication for rights",,record,https://www.doi.org/10.1577/M02-165,,
demo_060,Heavens Gate,"Reischel, T.S.; Bjornn, T.C.",2003,Example metadata-only record with link to external source. Journal article.,fisheries management,Bonneville Dam,45.36865,-116.49471,"North American Journal of Fisheries Management, vol. 23, issue 4, p. 1215-1224. DOI: 10.1577/M02-166",DOI:10.1577/M02-166,Text,application/pdf,eng,"metadata-only record, please check publication for rights",,record,https://www.doi.org/10.1577/M02-166,,
demo_061,Hershey Point,"Reischel, T.S.; Bjornn, T.C.",2003,Example metadata-only record with link to external source. Journal article.,fisheries management,Bonneville Dam,45.31252,-116.12351,"North American Journal of Fisheries Management, vol. 23, issue 4, p. 1215-1224. DOI: 10.1577/M02-167",DOI:10.1577/M02-167,Text,application/pdf,eng,"metadata-only record, please check publication for rights",,record,https://www.doi.org/10.1577/M02-167,,
demo_062,Horse Mtn.,"Reischel, T.S.; Bjornn, T.C.",2003,Example metadata-only record with link to external source. Journal article.,fisheries management,Bonneville Dam,45.12195,-116.66987,"North American Journal of Fisheries Management, vol. 23, issue 4, p. 1215-1224. DOI: 10.1577/M02-168",DOI:10.1577/M02-168,Text,application/pdf,eng,"metadata-only record, please check publication for rights",,record,https://www.doi.org/10.1577/M02-168,,
demo_063,Indian (Mica),"Reischel, T.S.; Bjornn, T.C.",2003,Example metadata-only record with link to external source. Journal article.,fisheries management,Bonneville Dam,44.59947,-116.24928,"North American Journal of Fisheries Management, vol. 23, issue 4, p. 1215-1224. DOI: 10.1577/M02-169",DOI:10.1577/M02-169,Text,application/pdf,eng,"metadata-only record, please check publication for rights",,record,https://www.doi.org/10.1577/M02-169,,
demo_064,Lick Creek Point,"Reischel, T.S.; Bjornn, T.C.",2003,Example metadata-only record with link to external source. Journal article.,fisheries management,Bonneville Dam,45.10648,-116.50545,"North American Journal of Fisheries Management, vol. 23, issue 4, p. 1215-1224. DOI: 10.1577/M02-170",DOI:10.1577/M02-170,Text,application/pdf,eng,"metadata-only record, please check publication for rights",,record,https://www.doi.org/10.1577/M02-170,,
demo_065,Mahoney Creek,"Reischel, T.S.; Bjornn, T.C.",2003,Example metadata-only record with link to external source. Journal article.,fisheries management,Bonneville Dam,44.76014,-114.95913,"North American Journal of Fisheries Management, vol. 23, issue 4, p. 1215-1224. DOI: 10.1577/M02-171",DOI:10.1577/M02-171,Text,application/pdf,eng,"metadata-only record, please check publication for rights",,record,https://www.doi.org/10.1577/M02-171,,
demo_066,Meadow Creek,"Reischel, T.S.; Bjornn, T.C.",2003,Example metadata-only record with link to external source. Journal article.,fisheries management,Bonneville Dam,44.86819,-115.389,"North American Journal of Fisheries Management, vol. 23, issue 4, p. 1215-1224. DOI: 10.1577/M02-172",DOI:10.1577/M02-172,Text,application/pdf,eng,"metadata-only record, please check publication for rights",,record,https://www.doi.org/10.1577/M02-172,,
demo_067,Miners Peak,"Reischel, T.S.; Bjornn, T.C.",2003,Example metadata-only record with link to external source. Journal article.,fisheries management,Bonneville Dam,44.86854,-115.77364,"North American Journal of Fisheries Management, vol. 23, issue 4, p. 1215-1224. DOI: 10.1577/M02-173",DOI:10.1577/M02-173,Text,application/pdf,eng,"metadata-only record, please check publication for rights",,record,https://www.doi.org/10.1577/M02-173,,
demo_068,Morehead Mtn.,"Reischel, T.S.; Bjornn, T.C.",2003,Example metadata-only record with link to external source. Journal article.,fisheries management,Bonneville Dam,44.56455,-115.35892,"North American Journal of Fisheries Management, vol. 23, issue 4, p. 1215-1224. DOI: 10.1577/M02-174",DOI:10.1577/M02-174,Text,application/pdf,eng,"metadata-only record, please check publication for rights",,record,https://www.doi.org/10.1577/M02-174,,
demo_069,No Business,"Reischel, T.S.; Bjornn, T.C.",2003,Example metadata-only record with link to external source. Journal article.,fisheries management,Bonneville Dam,44.76431,-116.19613,"North American Journal of Fisheries Management, vol. 23, issue 4, p. 1215-1224. DOI: 10.1577/M02-175",DOI:10.1577/M02-175,Text,application/pdf,eng,"metadata-only record, please check publication for rights",,record,https://www.doi.org/10.1577/M02-175,,
demo_070,Norton Ridge,"Reischel, T.S.; Bjornn, T.C.",2003,Example metadata-only record with link to external source. Journal article.,fisheries management,Bonneville Dam,44.86069,-114.92599,"North American Journal of Fisheries Management, vol. 23, issue 4, p. 1215-1224. DOI: 10.1577/M02-176",DOI:10.1577/M02-176,Text,application/pdf,eng,"metadata-only record, please check publication for rights",,record,https://www.doi.org/10.1577/M02-176,,
demo_071,Pilot Peak,"Reischel, T.S.; Bjornn, T.C.",2003,Example metadata-only record with link to external source. Journal article.,fisheries management,Bonneville Dam,45.17399,-115.52704,"North American Journal of Fisheries Management, vol. 23, issue 4, p. 1215-1224. DOI: 10.1577/M02-177",DOI:10.1577/M02-177,Text,application/pdf,eng,"metadata-only record, please check publication for rights",,record,https://www.doi.org/10.1577/M02-177,,
demo_072,Pollock Mtn.,"Reischel, T.S.; Bjornn, T.C.",2003,Example metadata-only record with link to external source. Journal article.,fisheries management,Bonneville Dam,45.18922,-116.41275,"North American Journal of Fisheries Management, vol. 23, issue 4, p. 1215-1224. DOI: 10.1577/M02-178",DOI:10.1577/M02-178,Text,application/pdf,eng,"metadata-only record, please check publication for rights",,record,https://www.doi.org/10.1577/M02-178,,
demo_073,Rice Peak,"Reischel, T.S.; Bjornn, T.C.",2003,Example metadata-only record with link to external source. Journal article.,fisheries management,Bonneville Dam,44.50653,-115.62789,"North American Journal of Fisheries Management, vol. 23, issue 4, p. 1215-1224. DOI: 10.1577/M02-179",DOI:10.1577/M02-179,Text,application/pdf,eng,"metadata-only record, please check publication for rights",,record,https://www.doi.org/10.1577/M02-179,,
demo_074,Rock Rabbit Point,"Reischel, T.S.; Bjornn, T.C.",2003,Example metadata-only record with link to external source. Journal article.,fisheries management,Bonneville Dam,45.26107,-115.2389,"North American Journal of Fisheries Management, vol. 23, issue 4, p. 1215-1224. DOI: 10.1577/M02-180",DOI:10.1577/M02-180,Text,application/pdf,eng,"metadata-only record, please check publication for rights",,record,https://www.doi.org/10.1577/M02-180,,
demo_075,Sheepeater Mtn.,"Reischel, T.S.; Bjornn, T.C.",2003,Example metadata-only record with link to external source. Journal article.,fisheries management,Bonneville Dam,45.38986,-115.34687,"North American Journal of Fisheries Management, vol. 23, issue 4, p. 1215-1224. DOI: 10.1577/M02-181",DOI:10.1577/M02-181,Text,application/pdf,eng,"metadata-only record, please check publication for rights",,record,https://www.doi.org/10.1577/M02-181,,
demo_076,Shellrock Peak,"Reischel, T.S.; Bjornn, T.C.",2003,Example metadata-only record with link to external source. Journal article.,fisheries management,Bonneville Dam,44.95651,-114.93658,"North American Journal of Fisheries Management, vol. 23, issue 4, p. 1215-1224. DOI: 10.1577/M02-182",DOI:10.1577/M02-182,Text,application/pdf,eng,"metadata-only record, please check publication for rights",,record,https://www.doi.org/10.1577/M02-182,,
demo_077,Short Creek,"Reischel, T.S.; Bjornn, T.C.",2003,Example metadata-only record with link to external source. Journal article.,fisheries management,Bonneville Dam,45.01061,-114.77809,"North American Journal of Fisheries Management, vol. 23, issue 4, p. 1215-1224. DOI: 10.1577/M02-183",DOI:10.1577/M02-183,Text,application/pdf,eng,"metadata-only record, please check publication for rights",,record,https://www.doi.org/10.1577/M02-183,,
demo_078,Silver Creek Point,"Reischel, T.S.; Bjornn, T.C.",2003,Example metadata-only record with link to external source. Journal article.,fisheries management,Bonneville Dam,44.38468,-115.78902,"North American Journal of Fisheries Management, vol. 23, issue 4, p. 1215-1224. DOI: 10.1577/M02-184",DOI:10.1577/M02-184,Text,application/pdf,eng,"metadata-only record, please check publication for rights",,record,https://www.doi.org/10.1577/M02-184,,
demo_079,Smith Mtn.,"Reischel, T.S.; Bjornn, T.C.",2003,Example metadata-only record with link to external source. Journal article.,fisheries management,Bonneville Dam,45.13436,-116.57933,"North American Journal of Fisheries Management, vol. 23, issue 4, p. 1215-1224. DOI: 10.1577/M02-185",DOI:10.1577/M02-185,Text,application/pdf,eng,"metadata-only record, please check publication for rights",,record,https://www.doi.org/10.1577/M02-185,,
demo_080,Stoddard Creek,"Reischel, T.S.; Bjornn, T.C.",2003,Example metadata-only record with link to external source. Journal article.,fisheries management,Bonneville Dam,45.21797,-114.73649,"North American Journal of Fisheries Management, vol. 23, issue 4, p. 1215-1224. DOI: 10.1577/M02-186",DOI:10.1577/M02-186,Text,application/pdf,eng,"metadata-only record, please check publication for rights",,record,https://www.doi.org/10.1577/M02-186,,
demo_081,Sturgill Peak,"Reischel, T.S.; Bjornn, T.C.",2003,Example metadata-only record with link to external source. Journal article.,fisheries management,Bonneville Dam,44.61991,-116.94246,"North American Journal of Fisheries Management, vol. 23, issue 4, p. 1215-1224. DOI: 10.1577/M02-187",DOI:10.1577/M02-187,Text,application/pdf,eng,"metadata-only record, please check publication for rights",,record,https://www.doi.org/10.1577/M02-187,,
demo_082,Thunderbolt Mtn.,"Reischel, T.S.; Bjornn, T.C.",2003,Example metadata-only record with link to external source. Journal article.,fisheries management,Bonneville Dam,44.73254,-115.63986,"North American Journal of Fisheries Management, vol. 23, issue 4, p. 1215-1224. DOI: 10.1577/M02-188",DOI:10.1577/M02-188,Text,application/pdf,eng,"metadata-only record, please check publication for rights",,record,https://www.doi.org/10.1577/M02-188,,
demo_083,Tripod Peak,"Reischel, T.S.; Bjornn, T.C.",2003,Example metadata-only record with link to external source. Journal article.,fisheries management,Bonneville Dam,44.38412,-116.12831,"North American Journal of Fisheries Management, vol. 23, issue 4, p. 1215-1224. DOI: 10.1577/M02-189",DOI:10.1577/M02-189,Text,application/pdf,eng,"metadata-only record, please check publication for rights",,record,https://www.doi.org/10.1577/M02-189,,
demo_084,War Eagle,"Reischel, T.S.; Bjornn, T.C.",2003,Example metadata-only record with link to external source. Journal article.,fisheries management,Bonneville Dam,45.32173,-115.79478,"North American Journal of Fisheries Management, vol. 23, issue 4, p. 1215-1224. DOI: 10.1577/M02-190",DOI:10.1577/M02-190,Text,application/pdf,eng,"metadata-only record, please check publication for rights",,record,https://www.doi.org/10.1577/M02-190,,
demo_085,Whitehawk,"Reischel, T.S.; Bjornn, T.C.",2003,Example metadata-only record with link to external source. Journal article.,fisheries management,Bonneville Dam,44.28744,-115.53073,"North American Journal of Fisheries Management, vol. 23, issue 4, p. 1215-1224. DOI: 10.1577/M02-191",DOI:10.1577/M02-191,Text,application/pdf,eng,"metadata-only record, please check publication for rights",,record,https://www.doi.org/10.1577/M02-191,,
demo_086,Williams Peak,"Reischel, T.S.; Bjornn, T.C.",2003,Example metadata-only record with link to external source. Journal article.,fisheries management,Bonneville Dam,45.01861,-115.66289,"North American Journal of Fisheries Management, vol. 23, issue 4, p. 1215-1224. DOI: 10.1577/M02-192",DOI:10.1577/M02-192,Text,application/pdf,eng,"metadata-only record, please check publication for rights",,record,https://www.doi.org/10.1577/M02-192,,
demo_087,Big Hill,"Reischel, T.S.; Bjornn, T.C.",2003,Example metadata-only record with link to external source. Journal article.,fisheries management,Bonneville Dam,45.14144,-114.77026,"North American Journal of Fisheries Management, vol. 23, issue 4, p. 1215-1224. DOI: 10.1577/M02-193",DOI:10.1577/M02-193,Text,application/pdf,eng,"metadata-only record, please check publication for rights",,record,https://www.doi.org/10.1577/M02-193,,
demo_088,Black Mare,"Reischel, T.S.; Bjornn, T.C.",2003,Example metadata-only record with link to external source. Journal article.,fisheries management,Bonneville Dam,44.8201333,-115.7892,"North American Journal of Fisheries Management, vol. 23, issue 4, p. 1215-1224. DOI: 10.1577/M02-194",DOI:10.1577/M02-194,Text,application/pdf,eng,"metadata-only record, please check publication for rights",,record,https://www.doi.org/10.1577/M02-194,,
demo_089,Butts Creek Point,"Reischel, T.S.; Bjornn, T.C.",2003,Example metadata-only record with link to external source. Journal article.,fisheries management,Bonneville Dam,45.3615667,-114.73735,"North American Journal of Fisheries Management, vol. 23, issue 4, p. 1215-1224. DOI: 10.1577/M02-195",DOI:10.1577/M02-195,Text,application/pdf,eng,"metadata-only record, please check publication for rights",,record,https://www.doi.org/10.1577/M02-195,,
demo_090,Jackley,"Reischel, T.S.; Bjornn, T.C.",2003,Example metadata-only record with link to external source. Journal article.,fisheries management,Bonneville Dam,45.24855,-116.52175,"North American Journal of Fisheries Management, vol. 23, issue 4, p. 1215-1224. DOI: 10.1577/M02-196",DOI:10.1577/M02-196,Text,application/pdf,eng,"metadata-only record, please check publication for rights",,record,https://www.doi.org/10.1577/M02-196,,
demo_091,Rush Creek Point,"Reischel, T.S.; Bjornn, T.C.",2003,Example metadata-only record with link to external source. Journal article.,fisheries management,Bonneville Dam,45.0974833,-114.93445,"North American Journal of Fisheries Management, vol. 23, issue 4, p. 1215-1224. DOI: 10.1577/M02-197",DOI:10.1577/M02-197,Text,application/pdf,eng,"metadata-only record, please check publication for rights",,record,https://www.doi.org/10.1577/M02-197,,
demo_092,Savage Ridge,"Reischel, T.S.; Bjornn, T.C.",2003,Example metadata-only record with link to external source. Journal article.,fisheries management,Bonneville Dam,45.08165,-115.58329,"North American Journal of Fisheries Management, vol. 23, issue 4, p. 1215-1224. DOI: 10.1577/M02-198",DOI:10.1577/M02-198,Text,application/pdf,eng,"metadata-only record, please check publication for rights",,record,https://www.doi.org/10.1577/M02-198,,
demo_093,Anderson Butte,"Reischel, T.S.; Bjornn, T.C.",2003,Example metadata-only record with link to external source. Journal article.,fisheries management,Bonneville Dam,45.88754,-115.33131,"North American Journal of Fisheries Management, vol. 23, issue 4, p. 1215-1224. DOI: 10.1577/M02-199",DOI:10.1577/M02-199,Text,application/pdf,eng,"metadata-only record, please check publication for rights",,record,https://www.doi.org/10.1577/M02-199,,
demo_094,Bear Mtn.,"Reischel, T.S.; Bjornn, T.C.",2003,Example metadata-only record with link to external source. Journal article.,fisheries management,Bonneville Dam,46.43117,-114.92463,"North American Journal of Fisheries Management, vol. 23, issue 4, p. 1215-1224. DOI: 10.1577/M02-200",DOI:10.1577/M02-200,Text,application/pdf,eng,"metadata-only record, please check publication for rights",,record,https://www.doi.org/10.1577/M02-200,,
demo_095,Beaver Ridge,"Reischel, T.S.; Bjornn, T.C.",2003,Example metadata-only record with link to external source. Journal article.,fisheries management,Bonneville Dam,46.56313,-114.44209,"North American Journal of Fisheries Management, vol. 23, issue 4, p. 1215-1224. DOI: 10.1577/M02-201",DOI:10.1577/M02-201,Text,application/pdf,eng,"metadata-only record, please check publication for rights",,record,https://www.doi.org/10.1577/M02-201,,
demo_096,Burnt Knob,"Reischel, T.S.; Bjornn, T.C.",2003,Example metadata-only record with link to external source. Journal article.,fisheries management,Bonneville Dam,45.70271,-114.99109,"North American Journal of Fisheries Management, vol. 23, issue 4, p. 1215-1224. DOI: 10.1577/M02-202",DOI:10.1577/M02-202,Text,application/pdf,eng,"metadata-only record, please check publication for rights",,record,https://www.doi.org/10.1577/M02-202,,
demo_097,Chair Point,"Reischel, T.S.; Bjornn, T.C.",2003,Example metadata-only record with link to external source. Journal article.,fisheries management,Bonneville Dam,45.47086,-116.22927,"North American Journal of Fisheries Management, vol. 23, issue 4, p. 1215-1224. DOI: 10.1577/M02-203",DOI:10.1577/M02-203,Text,application/pdf,eng,"metadata-only record, please check publication for rights",,record,https://www.doi.org/10.1577/M02-203,,
demo_098,Coolwater,"Reischel, T.S.; Bjornn, T.C.",2003,Example metadata-only record with link to external source. Journal article.,fisheries management,Bonneville Dam,46.15441,-115.45693,"North American Journal of Fisheries Management, vol. 23, issue 4, p. 1215-1224. DOI: 10.1577/M02-204",DOI:10.1577/M02-204,Text,application/pdf,eng,"metadata-only record, please check publication for rights",,record,https://www.doi.org/10.1577/M02-204,,
demo_099,Corral Hill,"Reischel, T.S.; Bjornn, T.C.",2003,Example metadata-only record with link to external source. Journal article.,fisheries management,Bonneville Dam,45.96423,-115.82291,"North American Journal of Fisheries Management, vol. 23, issue 4, p. 1215-1224. DOI: 10.1577/M02-205",DOI:10.1577/M02-205,Text,application/pdf,eng,"metadata-only record, please check publication for rights",,record,https://www.doi.org/10.1577/M02-205,,
demo_100,Diablo Mtn.,"Reischel, T.S.; Bjornn, T.C.",2003,Example metadata-only record with link to external source. Journal article.,fisheries management,Bonneville Dam,46.29622,-114.61786,"North American Journal of Fisheries Management, vol. 23, issue 4, p. 1215-1224. DOI: 10.1577/M02-206",DOI:10.1577/M02-206,Text,application/pdf,eng,"metadata-only record, please check publication for rights",,record,https://www.doi.org/10.1577/M02-206,,
demo_101,Elk Summit,"Reischel, T.S.; Bjornn, T.C.",2003,Example metadata-only record with link to external source. Journal article.,fisheries management,Bonneville Dam,45.8798,-115.5402,"North American Journal of Fisheries Management, vol. 23, issue 4, p. 1215-1224. DOI: 10.1577/M02-207",DOI:10.1577/M02-207,Text,application/pdf,eng,"metadata-only record, please check publication for rights",,record,https://www.doi.org/10.1577/M02-207,,
demo_102,Grave Peak,"Reischel, T.S.; Bjornn, T.C.",2003,Example metadata-only record with link to external source. Journal article.,fisheries management,Bonneville Dam,46.3951,-114.7302,"North American Journal of Fisheries Management, vol. 23, issue 4, p. 1215-1224. DOI: 10.1577/M02-208",DOI:10.1577/M02-208,Text,application/pdf,eng,"metadata-only record, please check publication for rights",,record,https://www.doi.org/10.1577/M02-208,,
demo_103,Green Mtn.,"Reischel, T.S.; Bjornn, T.C.",2003,Example metadata-only record with link to external source. Journal article.,fisheries management,Bonneville Dam,45.77099,-115.07621,"North American Journal of Fisheries Management, vol. 23, issue 4, p. 1215-1224. DOI: 10.1577/M02-209",DOI:10.1577/M02-209,Text,application/pdf,eng,"metadata-only record, please check publication for rights",,record,https://www.doi.org/10.1577/M02-209,,
demo_104,Hells Half Acre,"Reischel, T.S.; Bjornn, T.C.",2003,Example metadata-only record with link to external source. Journal article.,fisheries management,Bonneville Dam,45.64579,-114.62838,"North American Journal of Fisheries Management, vol. 23, issue 4, p. 1215-1224. DOI: 10.1577/M02-210",DOI:10.1577/M02-210,Text,application/pdf,eng,"metadata-only record, please check publication for rights",,record,https://www.doi.org/10.1577/M02-210,,
demo_105,Hidden Peak,"Reischel, T.S.; Bjornn, T.C.",2003,Example metadata-only record with link to external source. Journal article.,fisheries management,Bonneville Dam,46.37115,-114.46345,"North American Journal of Fisheries Management, vol. 23, issue 4, p. 1215-1224. DOI: 10.1577/M02-211",DOI:10.1577/M02-211,Text,application/pdf,eng,"metadata-only record, please check publication for rights",,record,https://www.doi.org/10.1577/M02-211,,
demo_106,Indian Hill,"Reischel, T.S.; Bjornn, T.C.",2003,Example metadata-only record with link to external source. Journal article.,fisheries management,Bonneville Dam,46.00029,-115.24476,"North American Journal of Fisheries Management, vol. 23, issue 4, p. 1215-1224. DOI: 10.1577/M02-212",DOI:10.1577/M02-212,Text,application/pdf,eng,"metadata-only record, please check publication for rights",,record,https://www.doi.org/10.1577/M02-212,,
demo_107,Lookout Butte,"Reischel, T.S.; Bjornn, T.C.",2003,Example metadata-only record with link to external source. Journal article.,fisheries management,Bonneville Dam,46.04591,-115.65941,"North American Journal of Fisheries Management, vol. 23, issue 4, p. 1215-1224. DOI: 10.1577/M02-213",DOI:10.1577/M02-213,Text,application/pdf,eng,"metadata-only record, please check publication for rights",,record,https://www.doi.org/10.1577/M02-213,,
demo_108,Oregon Butte,"Reischel, T.S.; Bjornn, T.C.",2003,Example metadata-only record with link to external source. Journal article.,fisheries management,Bonneville Dam,45.52164,-115.6688,"North American Journal of Fisheries Management, vol. 23, issue 4, p. 1215-1224. DOI: 10.1577/M02-214",DOI:10.1577/M02-214,Text,application/pdf,eng,"metadata-only record, please check publication for rights",,record,https://www.doi.org/10.1577/M02-214,,
demo_109,Pilot Knob,"Reischel, T.S.; Bjornn, T.C.",2003,Example metadata-only record with link to external source. Journal article.,fisheries management,Bonneville Dam,45.90547,-115.70838,"North American Journal of Fisheries Management, vol. 23, issue 4, p. 1215-1224. DOI: 10.1577/M02-215",DOI:10.1577/M02-215,Text,application/pdf,eng,"metadata-only record, please check publication for rights",,record,https://www.doi.org/10.1577/M02-215,,
demo_110,Salmon Mtn.,"Reischel, T.S.; Bjornn, T.C.",2003,Example metadata-only record with link to external source. Journal article.,fisheries management,Bonneville Dam,45.6169,-114.83675,"North American Journal of Fisheries Management, vol. 23, issue 4, p. 1215-1224. DOI: 10.1577/M02-216",DOI:10.1577/M02-216,Text,application/pdf,eng,"metadata-only record, please check publication for rights",,record,https://www.doi.org/10.1577/M02-216,,
demo_111,Sheep Hill,"Reischel, T.S.; Bjornn, T.C.",2003,Example metadata-only record with link to external source. Journal article.,fisheries management,Bonneville Dam,45.58851,-115.0882,"North American Journal of Fisheries Management, vol. 23, issue 4, p. 1215-1224. DOI: 10.1577/M02-217",DOI:10.1577/M02-217,Text,application/pdf,eng,"metadata-only record, please check publication for rights",,record,https://www.doi.org/10.1577/M02-217,,
demo_112,Shissler Peak,"Reischel, T.S.; Bjornn, T.C.",2003,Example metadata-only record with link to external source. Journal article.,fisheries management,Bonneville Dam,46.16562,-114.93966,"North American Journal of Fisheries Management, vol. 23, issue 4, p. 1215-1224. DOI: 10.1577/M02-218",DOI:10.1577/M02-218,Text,application/pdf,eng,"metadata-only record, please check publication for rights",,record,https://www.doi.org/10.1577/M02-218,,
demo_113,Slate Point,"Reischel, T.S.; Bjornn, T.C.",2003,Example metadata-only record with link to external source. Journal article.,fisheries management,Bonneville Dam,45.59858,-116.13366,"North American Journal of Fisheries Management, vol. 23, issue 4, p. 1215-1224. DOI: 10.1577/M02-219",DOI:10.1577/M02-219,Text,application/pdf,eng,"metadata-only record, please check publication for rights",,record,https://www.doi.org/10.1577/M02-219,,
demo_114,Sourdough Peak,"Reischel, T.S.; Bjornn, T.C.",2003,Example metadata-only record with link to external source. Journal article.,fisheries management,Bonneville Dam,45.727,-115.81589,"North American Journal of Fisheries Management, vol. 23, issue 4, p. 1215-1224. DOI: 10.1577/M02-220",DOI:10.1577/M02-220,Text,application/pdf,eng,"metadata-only record, please check publication for rights",,record,https://www.doi.org/10.1577/M02-220,,
demo_115,Spot Mtn.,"Reischel, T.S.; Bjornn, T.C.",2003,Example metadata-only record with link to external source. Journal article.,fisheries management,Bonneville Dam,45.78728,-114.85466,"North American Journal of Fisheries Management, vol. 23, issue 4, p. 1215-1224. DOI: 10.1577/M02-221",DOI:10.1577/M02-221,Text,application/pdf,eng,"metadata-only record, please check publication for rights",,record,https://www.doi.org/10.1577/M02-221,,
demo_116,Square Mtn.,"Reischel, T.S.; Bjornn, T.C.",2003,Example metadata-only record with link to external source. Journal article.,fisheries management,Bonneville Dam,45.5969,-115.86155,"North American Journal of Fisheries Management, vol. 23, issue 4, p. 1215-1224. DOI: 10.1577/M02-222",DOI:10.1577/M02-222,Text,application/pdf,eng,"metadata-only record, please check publication for rights",,record,https://www.doi.org/10.1577/M02-222,,
demo_117,Stanley Butte,"Reischel, T.S.; Bjornn, T.C.",2003,Example metadata-only record with link to external source. Journal article.,fisheries management,Bonneville Dam,46.24777,-115.2104,"North American Journal of Fisheries Management, vol. 23, issue 4, p. 1215-1224. DOI: 10.1577/M02-223",DOI:10.1577/M02-223,Text,application/pdf,eng,"metadata-only record, please check publication for rights",,record,https://www.doi.org/10.1577/M02-223,,
demo_118,Black Butte,"Reischel, T.S.; Bjornn, T.C.",2003,Example metadata-only record with link to external source. Journal article.,fisheries management,Bonneville Dam,45.48955,-115.87505,"North American Journal of Fisheries Management, vol. 23, issue 4, p. 1215-1224. DOI: 10.1577/M02-224",DOI:10.1577/M02-224,Text,application/pdf,eng,"metadata-only record, please check publication for rights",,record,https://www.doi.org/10.1577/M02-224,,
demo_119,Gardiner Peak,"Reischel, T.S.; Bjornn, T.C.",2003,Example metadata-only record with link to external source. Journal article.,fisheries management,Bonneville Dam,45.96995,-114.76655,"North American Journal of Fisheries Management, vol. 23, issue 4, p. 1215-1224. DOI: 10.1577/M02-225",DOI:10.1577/M02-225,Text,application/pdf,eng,"metadata-only record, please check publication for rights",,record,https://www.doi.org/10.1577/M02-225,,
demo_120,Skookum Butte,"Reischel, T.S.; Bjornn, T.C.",2003,Example metadata-only record with link to external source. Journal article.,fisheries management,Bonneville Dam,46.66471,-114.39499,"North American Journal of Fisheries Management, vol. 23, issue 4, p. 1215-1224. DOI: 10.1577/M02-226",DOI:10.1577/M02-226,Text,application/pdf,eng,"metadata-only record, please check publication for rights",,record,https://www.doi.org/10.1577/M02-226,,
demo_121,Arid Peak,"Reischel, T.S.; Bjornn, T.C.",2003,Example metadata-only record with link to external source. Journal article.,fisheries management,Bonneville Dam,47.35911,-115.76421,"North American Journal of Fisheries Management, vol. 23, issue 4, p. 1215-1224. DOI: 10.1577/M02-227",DOI:10.1577/M02-227,Text,application/pdf,eng,"metadata-only record, please check publication for rights",,record,https://www.doi.org/10.1577/M02-227,,
demo_122,Austin Ridge,"Reischel, T.S.; Bjornn, T.C.",2003,Example metadata-only record with link to external source. Journal article.,fisheries management,Bonneville Dam,46.35074,-115.67104,"North American Journal of Fisheries Management, vol. 23, issue 4, p. 1215-1224. DOI: 10.1577/M02-228",DOI:10.1577/M02-228,Text,application/pdf,eng,"metadata-only record, please check publication for rights",,record,https://www.doi.org/10.1577/M02-228,,
demo_123,Balancing Rock,"Reischel, T.S.; Bjornn, T.C.",2003,Example metadata-only record with link to external source. Journal article.,fisheries management,Bonneville Dam,46.71174,-115.58719,"North American Journal of Fisheries Management, vol. 23, issue 4, p. 1215-1224. DOI: 10.1577/M02-229",DOI:10.1577/M02-229,Text,application/pdf,eng,"metadata-only record, please check publication for rights",,record,https://www.doi.org/10.1577/M02-229,,
demo_124,Bald Mtn.,"Reischel, T.S.; Bjornn, T.C.",2003,Example metadata-only record with link to external source. Journal article.,fisheries management,Bonneville Dam,47.03195,-116.57204,"North American Journal of Fisheries Management, vol. 23, issue 4, p. 1215-1224. DOI: 10.1577/M02-230",DOI:10.1577/M02-230,Text,application/pdf,eng,"metadata-only record, please check publication for rights",,record,https://www.doi.org/10.1577/M02-230,,
demo_125,Bertha Hill,"Reischel, T.S.; Bjornn, T.C.",2003,Example metadata-only record with link to external source. Journal article.,fisheries management,Bonneville Dam,46.76426,-115.79236,"North American Journal of Fisheries Management, vol. 23, issue 4, p. 1215-1224. DOI: 10.1577/M02-231",DOI:10.1577/M02-231,Text,application/pdf,eng,"metadata-only record, please check publication for rights",,record,https://www.doi.org/10.1577/M02-231,,
demo_126,Black Mtn.,"Reischel, T.S.; Bjornn, T.C.",2003,Example metadata-only record with link to external source. Journal article.,fisheries management,Bonneville Dam,46.87895,-115.55169,"North American Journal of Fisheries Management, vol. 23, issue 4, p. 1215-1224. DOI: 10.1577/M02-232",DOI:10.1577/M02-232,Text,application/pdf,eng,"metadata-only record, please check publication for rights",,record,https://www.doi.org/10.1577/M02-232,,
demo_127,Castle Butte,"Reischel, T.S.; Bjornn, T.C.",2003,Example metadata-only record with link to external source. Journal article.,fisheries management,Bonneville Dam,46.43401,-115.21984,"North American Journal of Fisheries Management, vol. 23, issue 4, p. 1215-1224. DOI: 10.1577/M02-233",DOI:10.1577/M02-233,Text,application/pdf,eng,"metadata-only record, please check publication for rights",,record,https://www.doi.org/10.1577/M02-233,,
demo_128,Clarke Mtn.,"Reischel, T.S.; Bjornn, T.C.",2003,Example metadata-only record with link to external source. Journal article.,fisheries management,Bonneville Dam,46.63027,-115.545,"North American Journal of Fisheries Management, vol. 23, issue 4, p. 1215-1224. DOI: 10.1577/M02-234",DOI:10.1577/M02-234,Text,application/pdf,eng,"metadata-only record, please check publication for rights",,record,https://www.doi.org/10.1577/M02-234,,
demo_129,Conrad Peak,"Reischel, T.S.; Bjornn, T.C.",2003,Example metadata-only record with link to external source. Journal article.,fisheries management,Bonneville Dam,47.15189,-115.466,"North American Journal of Fisheries Management, vol. 23, issue 4, p. 1215-1224. DOI: 10.1577/M02-235",DOI:10.1577/M02-235,Text,application/pdf,eng,"metadata-only record, please check publication for rights",,record,https://www.doi.org/10.1577/M02-235,,
demo_130,Dunn Peak,"Reischel, T.S.; Bjornn, T.C.",2003,Example metadata-only record with link to external source. Journal article.,fisheries management,Bonneville Dam,47.29464,-115.89955,"North American Journal of Fisheries Management, vol. 23, issue 4, p. 1215-1224. DOI: 10.1577/M02-236",DOI:10.1577/M02-236,Text,application/pdf,eng,"metadata-only record, please check publication for rights",,record,https://www.doi.org/10.1577/M02-236,,
demo_131,Eagle Point,"Reischel, T.S.; Bjornn, T.C.",2003,Example metadata-only record with link to external source. Journal article.,fisheries management,Bonneville Dam,46.80069,-115.53703,"North American Journal of Fisheries Management, vol. 23, issue 4, p. 1215-1224. DOI: 10.1577/M02-237",DOI:10.1577/M02-237,Text,application/pdf,eng,"metadata-only record, please check publication for rights",,record,https://www.doi.org/10.1577/M02-237,,
demo_132,Elk Butte,"Reischel, T.S.; Bjornn, T.C.",2003,Example metadata-only record with link to external source. Journal article.,fisheries management,Bonneville Dam,46.84084,-116.11757,"North American Journal of Fisheries Management, vol. 23, issue 4, p. 1215-1224. DOI: 10.1577/M02-238",DOI:10.1577/M02-238,Text,application/pdf,eng,"metadata-only record, please check publication for rights",,record,https://www.doi.org/10.1577/M02-238,,
demo_133,Hemlock Butte,"Reischel, T.S.; Bjornn, T.C.",2003,Example metadata-only record with link to external source. Journal article.,fisheries management,Bonneville Dam,46.47352,-115.62924,"North American Journal of Fisheries Management, vol. 23, issue 4, p. 1215-1224. DOI: 10.1577/M02-239",DOI:10.1577/M02-239,Text,application/pdf,eng,"metadata-only record, please check publication for rights",,record,https://www.doi.org/10.1577/M02-239,,
demo_134,Junction Mtn.,"Reischel, T.S.; Bjornn, T.C.",2003,Example metadata-only record with link to external source. Journal article.,fisheries management,Bonneville Dam,46.69436,-115.278,"North American Journal of Fisheries Management, vol. 23, issue 4, p. 1215-1224. DOI: 10.1577/M02-240",DOI:10.1577/M02-240,Text,application/pdf,eng,"metadata-only record, please check publication for rights",,record,https://www.doi.org/10.1577/M02-240,,
demo_135,Kellogg Peak,"Reischel, T.S.; Bjornn, T.C.",2003,Example metadata-only record with link to external source. Journal article.,fisheries management,Bonneville Dam,47.48852,-116.12846,"North American Journal of Fisheries Management, vol. 23, issue 4, p. 1215-1224. DOI: 10.1577/M02-241",DOI:10.1577/M02-241,Text,application/pdf,eng,"metadata-only record, please check publication for rights",,record,https://www.doi.org/10.1577/M02-241,,
demo_136,Mallard Peak,"Reischel, T.S.; Bjornn, T.C.",2003,Example metadata-only record with link to external source. Journal article.,fisheries management,Bonneville Dam,46.93809,-115.52486,"North American Journal of Fisheries Management, vol. 23, issue 4, p. 1215-1224. DOI: 10.1577/M02-242",DOI:10.1577/M02-242,Text,application/pdf,eng,"metadata-only record, please check publication for rights",,record,https://www.doi.org/10.1577/M02-242,,
demo_137,Middle Sister,"Reischel, T.S.; Bjornn, T.C.",2003,Example metadata-only record with link to external source. Journal article.,fisheries management,Bonneville Dam,47.16823,-115.65397,"North American Journal of Fisheries Management, vol. 23, issue 4, p. 1215-1224. DOI: 10.1577/M02-243",DOI:10.1577/M02-243,Text,application/pdf,eng,"metadata-only record, please check publication for rights",,record,https://www.doi.org/10.1577/M02-243,,
demo_138,Osier Ridge,"Reischel, T.S.; Bjornn, T.C.",2003,Example metadata-only record with link to external source. Journal article.,fisheries management,Bonneville Dam,46.82736,-115.0155,"North American Journal of Fisheries Management, vol. 23, issue 4, p. 1215-1224. DOI: 10.1577/M02-244",DOI:10.1577/M02-244,Text,application/pdf,eng,"metadata-only record, please check publication for rights",,record,https://www.doi.org/10.1577/M02-244,,
demo_139,Rocky Point,"Reischel, T.S.; Bjornn, T.C.",2003,Example metadata-only record with link to external source. Journal article.,fisheries management,Bonneville Dam,46.58222,-114.66587,"North American Journal of Fisheries Management, vol. 23, issue 4, p. 1215-1224. DOI: 10.1577/M02-245",DOI:10.1577/M02-245,Text,application/pdf,eng,"metadata-only record, please check publication for rights",,record,https://www.doi.org/10.1577/M02-245,,
demo_140,St. Joe Baldy,"Reischel, T.S.; Bjornn, T.C.",2003,Example metadata-only record with link to external source. Journal article.,fisheries management,Bonneville Dam,47.36367,-116.41182,"North American Journal of Fisheries Management, vol. 23, issue 4, p. 1215-1224. DOI: 10.1577/M02-246",DOI:10.1577/M02-246,Text,application/pdf,eng,"metadata-only record, please check publication for rights",,record,https://www.doi.org/10.1577/M02-246,,
demo_141,Scurvy Mtn.,"Reischel, T.S.; Bjornn, T.C.",2003,Example metadata-only record with link to external source. Journal article.,fisheries management,Bonneville Dam,46.68944,-115.13384,"North American Journal of Fisheries Management, vol. 23, issue 4, p. 1215-1224. DOI: 10.1577/M02-247",DOI:10.1577/M02-247,Text,application/pdf,eng,"metadata-only record, please check publication for rights",,record,https://www.doi.org/10.1577/M02-247,,
demo_142,Snow Peak,"Reischel, T.S.; Bjornn, T.C.",2003,Example metadata-only record with link to external source. Journal article.,fisheries management,Bonneville Dam,47.04527,-115.63286,"North American Journal of Fisheries Management, vol. 23, issue 4, p. 1215-1224. DOI: 10.1577/M02-248",DOI:10.1577/M02-248,Text,application/pdf,eng,"metadata-only record, please check publication for rights",,record,https://www.doi.org/10.1577/M02-248,,
demo_143,Surveyors Ridge,"Reischel, T.S.; Bjornn, T.C.",2003,Example metadata-only record with link to external source. Journal article.,fisheries management,Bonneville Dam,46.99411,-115.53362,"North American Journal of Fisheries Management, vol. 23, issue 4, p. 1215-1224. DOI: 10.1577/M02-249",DOI:10.1577/M02-249,Text,application/pdf,eng,"metadata-only record, please check publication for rights",,record,https://www.doi.org/10.1577/M02-249,,
demo_144,Walde Mtn.,"Reischel, T.S.; Bjornn, T.C.",2003,Example metadata-only record with link to external source. Journal article.,fisheries management,Bonneville Dam,46.24549,-115.6343,"North American Journal of Fisheries Management, vol. 23, issue 4, p. 1215-1224. DOI: 10.1577/M02-250",DOI:10.1577/M02-250,Text,application/pdf,eng,"metadata-only record, please check publication for rights",,record,https://www.doi.org/10.1577/M02-250,,
demo_145,Wallow Mtn.,"Reischel, T.S.; Bjornn, T.C.",2003,Example metadata-only record with link to external source. Journal article.,fisheries management,Bonneville Dam,46.843,-115.39373,"North American Journal of Fisheries Management, vol. 23, issue 4, p. 1215-1224. DOI: 10.1577/M02-251",DOI:10.1577/M02-251,Text,application/pdf,eng,"metadata-only record, please check publication for rights",,record,https://www.doi.org/10.1577/M02-251,,
demo_146,Weitas Butte,"Reischel, T.S.; Bjornn, T.C.",2003,Example metadata-only record with link to external source. Journal article.,fisheries management,Bonneville Dam,46.47045,-115.45218,"North American Journal of Fisheries Management, vol. 23, issue 4, p. 1215-1224. DOI: 10.1577/M02-252",DOI:10.1577/M02-252,Text,application/pdf,eng,"metadata-only record, please check publication for rights",,record,https://www.doi.org/10.1577/M02-252,,
demo_147,Buck Butte,"Reischel, T.S.; Bjornn, T.C.",2003,Example metadata-only record with link to external source. Journal article.,fisheries management,Bonneville Dam,46.59436,-115.97507,"North American Journal of Fisheries Management, vol. 23, issue 4, p. 1215-1224. DOI: 10.1577/M02-253",DOI:10.1577/M02-253,Text,application/pdf,eng,"metadata-only record, please check publication for rights",,record,https://www.doi.org/10.1577/M02-253,,
demo_148,Flynn Butte,"Reischel, T.S.; Bjornn, T.C.",2003,Example metadata-only record with link to external source. Journal article.,fisheries management,Bonneville Dam,46.98829,-116.64866,"North American Journal of Fisheries Management, vol. 23, issue 4, p. 1215-1224. DOI: 10.1577/M02-254",DOI:10.1577/M02-254,Text,application/pdf,eng,"metadata-only record, please check publication for rights",,record,https://www.doi.org/10.1577/M02-254,,
demo_149,Little Green Mtn.,"Reischel, T.S.; Bjornn, T.C.",2003,Example metadata-only record with link to external source. Journal article.,fisheries management,Bonneville Dam,46.73305,-116.0938,"North American Journal of Fisheries Management, vol. 23, issue 4, p. 1215-1224. DOI: 10.1577/M02-255",DOI:10.1577/M02-255,Text,application/pdf,eng,"metadata-only record, please check publication for rights",,record,https://www.doi.org/10.1577/M02-255,,
demo_150,Liz Butte,"Reischel, T.S.; Bjornn, T.C.",2003,Example metadata-only record with link to external source. Journal article.,fisheries management,Bonneville Dam,46.44825,-115.33254,"North American Journal of Fisheries Management, vol. 23, issue 4, p. 1215-1224. DOI: 10.1577/M02-256",DOI:10.1577/M02-256,Text,application/pdf,eng,"metadata-only record, please check publication for rights",,record,https://www.doi.org/10.1577/M02-256,,
demo_151,Mission Mtn.,"Reischel, T.S.; Bjornn, T.C.",2003,Example metadata-only record with link to external source. Journal article.,fisheries management,Bonneville Dam,47.0674333,-116.94395,"North American Journal of Fisheries Management, vol. 23, issue 4, p. 1215-1224. DOI: 10.1577/M02-257",DOI:10.1577/M02-257,Text,application/pdf,eng,"metadata-only record, please check publication for rights",,record,https://www.doi.org/10.1577/M02-257,,
demo_152,Rocky Point,"Reischel, T.S.; Bjornn, T.C.",2003,Example metadata-only record with link to external source. Journal article.,fisheries management,Bonneville Dam,46.84568,-116.87758,"North American Journal of Fisheries Management, vol. 23, issue 4, p. 1215-1224. DOI: 10.1577/M02-258",DOI:10.1577/M02-258,Text,application/pdf,eng,"metadata-only record, please check publication for rights",,record,https://www.doi.org/10.1577/M02-258,,
demo_153,Three Tree Butte,"Reischel, T.S.; Bjornn, T.C.",2003,Example metadata-only record with link to external source. Journal article.,fisheries management,Bonneville Dam,47.02958,-116.668,"North American Journal of Fisheries Management, vol. 23, issue 4, p. 1215-1224. DOI: 10.1577/M02-259",DOI:10.1577/M02-259,Text,application/pdf,eng,"metadata-only record, please check publication for rights",,record,https://www.doi.org/10.1577/M02-259,,
demo_154,Twin Crags,"Reischel, T.S.; Bjornn, T.C.",2003,Example metadata-only record with link to external source. Journal article.,fisheries management,Bonneville Dam,47.43465,-116.35715,"North American Journal of Fisheries Management, vol. 23, issue 4, p. 1215-1224. DOI: 10.1577/M02-260",DOI:10.1577/M02-260,Text,application/pdf,eng,"metadata-only record, please check publication for rights",,record,https://www.doi.org/10.1577/M02-260,,
demo_155,Zane Point,"Reischel, T.S.; Bjornn, T.C.",2003,Example metadata-only record with link to external source. Journal article.,fisheries management,Bonneville Dam,47.3029,-116.2817,"North American Journal of Fisheries Management, vol. 23, issue 4, p. 1215-1224. DOI: 10.1577/M02-261",DOI:10.1577/M02-261,Text,application/pdf,eng,"metadata-only record, please check publication for rights",,record,https://www.doi.org/10.1577/M02-261,,
demo_156,Faset Peak,"Reischel, T.S.; Bjornn, T.C.",2003,Example metadata-only record with link to external source. Journal article.,fisheries management,Bonneville Dam,47.93987,-116.33994,"North American Journal of Fisheries Management, vol. 23, issue 4, p. 1215-1224. DOI: 10.1577/M02-262",DOI:10.1577/M02-262,Text,application/pdf,eng,"metadata-only record, please check publication for rights",,record,https://www.doi.org/10.1577/M02-262,,
demo_157,Little Guard,"Reischel, T.S.; Bjornn, T.C.",2003,Example metadata-only record with link to external source. Journal article.,fisheries management,Bonneville Dam,47.79812,-116.00612,"North American Journal of Fisheries Management, vol. 23, issue 4, p. 1215-1224. DOI: 10.1577/M02-263",DOI:10.1577/M02-263,Text,application/pdf,eng,"metadata-only record, please check publication for rights",,record,https://www.doi.org/10.1577/M02-263,,
demo_158,Poirier Tree Farm,"Reischel, T.S.; Bjornn, T.C.",2003,Example metadata-only record with link to external source. Journal article.,fisheries management,Bonneville Dam,47.99813,-116.9974,"North American Journal of Fisheries Management, vol. 23, issue 4, p. 1215-1224. DOI: 10.1577/M02-264",DOI:10.1577/M02-264,Text,application/pdf,eng,"metadata-only record, please check publication for rights",,record,https://www.doi.org/10.1577/M02-264,,
demo_159,Spyglass Peak,"Reischel, T.S.; Bjornn, T.C.",2003,Example metadata-only record with link to external source. Journal article.,fisheries management,Bonneville Dam,47.84184,-116.19658,"North American Journal of Fisheries Management, vol. 23, issue 4, p. 1215-1224. DOI: 10.1577/M02-265",DOI:10.1577/M02-265,Text,application/pdf,eng,"metadata-only record, please check publication for rights",,record,https://www.doi.org/10.1577/M02-265,,
demo_160,Black Mtn.,"Reischel, T.S.; Bjornn, T.C.",2003,Example metadata-only record with link to external source. Journal article.,fisheries management,Bonneville Dam,48.61038,-116.2577,"North American Journal of Fisheries Management, vol. 23, issue 4, p. 1215-1224. DOI: 10.1577/M02-266",DOI:10.1577/M02-266,Text,application/pdf,eng,"metadata-only record, please check publication for rights",,record,https://www.doi.org/10.1577/M02-266,,
demo_161,Burton Peak,"Reischel, T.S.; Bjornn, T.C.",2003,Example metadata-only record with link to external source. Journal article.,fisheries management,Bonneville Dam,48.75406,-116.49861,"North American Journal of Fisheries Management, vol. 23, issue 4, p. 1215-1224. DOI: 10.1577/M02-267",DOI:10.1577/M02-267,Text,application/pdf,eng,"metadata-only record, please check publication for rights",,record,https://www.doi.org/10.1577/M02-267,,
demo_162,Deer Ridge,"Reischel, T.S.; Bjornn, T.C.",2003,Example metadata-only record with link to external source. Journal article.,fisheries management,Bonneville Dam,48.84532,-116.10351,"North American Journal of Fisheries Management, vol. 23, issue 4, p. 1215-1224. DOI: 10.1577/M02-268",DOI:10.1577/M02-268,Text,application/pdf,eng,"metadata-only record, please check publication for rights",,record,https://www.doi.org/10.1577/M02-268,,
demo_163,Experimental Spur,"Reischel, T.S.; Bjornn, T.C.",2003,Example metadata-only record with link to external source. Journal article.,fisheries management,Bonneville Dam,48.34789,-116.8328,"North American Journal of Fisheries Management, vol. 23, issue 4, p. 1215-1224. DOI: 10.1577/M02-269",DOI:10.1577/M02-269,Text,application/pdf,eng,"metadata-only record, please check publication for rights",,record,https://www.doi.org/10.1577/M02-269,,
demo_164,Gisborne Mtn.,"Reischel, T.S.; Bjornn, T.C.",2003,Example metadata-only record with link to external source. Journal article.,fisheries management,Bonneville Dam,48.34961,-116.75629,"North American Journal of Fisheries Management, vol. 23, issue 4, p. 1215-1224. DOI: 10.1577/M02-270",DOI:10.1577/M02-270,Text,application/pdf,eng,"metadata-only record, please check publication for rights",,record,https://www.doi.org/10.1577/M02-270,,
demo_165,Hughes Ridge,"Reischel, T.S.; Bjornn, T.C.",2003,Example metadata-only record with link to external source. Journal article.,fisheries management,Bonneville Dam,48.86707,-116.98653,"North American Journal of Fisheries Management, vol. 23, issue 4, p. 1215-1224. DOI: 10.1577/M02-271",DOI:10.1577/M02-271,Text,application/pdf,eng,"metadata-only record, please check publication for rights",,record,https://www.doi.org/10.1577/M02-271,,
demo_166,Lookout Mtn.,"Reischel, T.S.; Bjornn, T.C.",2003,Example metadata-only record with link to external source. Journal article.,fisheries management,Bonneville Dam,48.77292,-116.76919,"North American Journal of Fisheries Management, vol. 23, issue 4, p. 1215-1224. DOI: 10.1577/M02-272",DOI:10.1577/M02-272,Text,application/pdf,eng,"metadata-only record, please check publication for rights",,record,https://www.doi.org/10.1577/M02-272,,
demo_167,Lunch Peak,"Reischel, T.S.; Bjornn, T.C.",2003,Example metadata-only record with link to external source. Journal article.,fisheries management,Bonneville Dam,48.37478,-116.19349,"North American Journal of Fisheries Management, vol. 23, issue 4, p. 1215-1224. DOI: 10.1577/M02-273",DOI:10.1577/M02-273,Text,application/pdf,eng,"metadata-only record, please check publication for rights",,record,https://www.doi.org/10.1577/M02-273,,
demo_168,Russell Mtn.,"Reischel, T.S.; Bjornn, T.C.",2003,Example metadata-only record with link to external source. Journal article.,fisheries management,Bonneville Dam,48.80896,-116.54535,"North American Journal of Fisheries Management, vol. 23, issue 4, p. 1215-1224. DOI: 10.1577/M02-274",DOI:10.1577/M02-274,Text,application/pdf,eng,"metadata-only record, please check publication for rights",,record,https://www.doi.org/10.1577/M02-274,,
demo_169,Saddle Mtn.,"Reischel, T.S.; Bjornn, T.C.",2003,Example metadata-only record with link to external source. Journal article.,fisheries management,Bonneville Dam,48.95033,-116.77095,"North American Journal of Fisheries Management, vol. 23, issue 4, p. 1215-1224. DOI: 10.1577/M02-275",DOI:10.1577/M02-275,Text,application/pdf,eng,"metadata-only record, please check publication for rights",,record,https://www.doi.org/10.1577/M02-275,,
demo_170,Shorty Peak,"Reischel, T.S.; Bjornn, T.C.",2003,Example metadata-only record with link to external source. Journal article.,fisheries management,Bonneville Dam,48.94037,-116.68935,"North American Journal of Fisheries Management, vol. 23, issue 4, p. 1215-1224. DOI: 10.1577/M02-276",DOI:10.1577/M02-276,Text,application/pdf,eng,"metadata-only record, please check publication for rights",,record,https://www.doi.org/10.1577/M02-276,,
demo_171,Sundance Mtn.,"Reischel, T.S.; Bjornn, T.C.",2003,Example metadata-only record with link to external source. Journal article.,fisheries management,Bonneville Dam,48.49076,-116.75149,"North American Journal of Fisheries Management, vol. 23, issue 4, p. 1215-1224. DOI: 10.1577/M02-277",DOI:10.1577/M02-277,Text,application/pdf,eng,"metadata-only record, please check publication for rights",,record,https://www.doi.org/10.1577/M02-277,,
demo_172,West Fork,"Reischel, T.S.; Bjornn, T.C.",2003,Example metadata-only record with link to external source. Journal article.,fisheries management,Bonneville Dam,48.8324,-116.75128,"North American Journal of Fisheries Management, vol. 23, issue 4, p. 1215-1224. DOI: 10.1577/M02-278",DOI:10.1577/M02-278,Text,application/pdf,eng,"metadata-only record, please check publication for rights",,record,https://www.doi.org/10.1577/M02-278,,
demo_173,Bally Mtn.,"Reischel, T.S.; Bjornn, T.C.",2003,Example metadata-only record with link to external source. Journal article.,fisheries management,Bonneville Dam,45.1099,-116.2578,"North American Journal of Fisheries Management, vol. 23, issue 4, p. 1215-1224. DOI: 10.1577/M02-279",DOI:10.1577/M02-279,Text,application/pdf,eng,"metadata-only record, please check publication for rights",,record,https://www.doi.org/10.1577/M02-279,,
demo_174,Box Canyon,"Reischel, T.S.; Bjornn, T.C.",2003,Example metadata-only record with link to external source. Journal article.,fisheries management,Bonneville Dam,45.36243,-116.18767,"North American Journal of Fisheries Management, vol. 23, issue 4, p. 1215-1224. DOI: 10.1577/M02-280",DOI:10.1577/M02-280,Text,application/pdf,eng,"metadata-only record, please check publication for rights",,record,https://www.doi.org/10.1577/M02-280,,
demo_175,Krassel Knob,"Reischel, T.S.; Bjornn, T.C.",2003,Example metadata-only record with link to external source. Journal article.,fisheries management,Bonneville Dam,44.96885,-115.7544833,"North American Journal of Fisheries Management, vol. 23, issue 4, p. 1215-1224. DOI: 10.1577/M02-281",DOI:10.1577/M02-281,Text,application/pdf,eng,"metadata-only record, please check publication for rights",,record,https://www.doi.org/10.1577/M02-281,,